Category,Total_Sales,Total_Profit
Office Supplies,718735.2439999988,122364.66080000032
Furniture,741306.3132999991,18421.813699999984
Technology,836154.0329999969,145454.9480999996
