Region,Total_Sales,Total_Profit
South,391721.90500000044,46749.43030000003
Central,500782.8528000008,39655.875200000126
East,678435.1959999991,91506.30920000008
West,725255.6365000005,108329.80790000015
