Segment,Total_Sales,Total_Profit
Consumer,1160832.7749999908,134007.44129999986
Home Office,429292.6845000001,60279.001500000166
Corporate,706070.1307999996,91954.97980000002
